FirstName, LastName, Gender,100,100, Email, Address
Will,Smith,Male,43,1234567890,ws@gmail.com,123 Who knows
Tom,Cruise,Male,43,9876543210,tc@gmail.com,1234 who Knows
Tom,Hanks,Male,43,9876543210,tc@gmail.com,1234 who Knows
Mathew,Smith,Male,43,1234567890,ws@gmail.com,123 Who knows
Will,Ferral,Male,43,1234567890,ws@gmail.com,123 Who knows
Dwarakh, Nayam, Male,18,3164568952, d@gmail.com,1234 who Knows
Bobbie,Hurren,Female,43,1234567890,bhurren0@wiley.com,1234 who Knows
Meir,Linner,Male,43,9876543210,mlinner1@icq.com,123 Who knows
Libbie,McLanachan,Female,43,9876543210,lmclanachan2@google.ca,123 Who knows
Laureen,Fraschini,Female,43,1234567890,lfraschini3@usatoday.com,123 Who knows
Rubie,Roe,Female,43,1234567890,rroe4@vistaprint.com,123 Who knows
Annemarie,Yurikov,Female,18,3164568952,ayurikov5@barnesandnoble.com,123 Who knows
Gillan,Fetteplace,Female,43,1234567890,gfetteplace6@chicagotribune.com,1234 who Knows
Cherilyn,Stratten,Female,43,9876543210,cstratten7@ustream.tv,1234 who Knows
Marj,McGilleghole,Female,43,9876543210,mmcgilleghole8@reuters.com,123 Who knows
Mariejeanne,Frith,Female,43,1234567890,mfrith9@ted.com,123 Who knows
Aurea,Gieraths,Female,43,1234567890,agierathsa@taobao.com,1234 who Knows
Sayres,Ginnane,Male,18,3164568952,sginnaneb@narod.ru,1234 who Knows
Whittaker,Siderfin,Male,43,1234567890,wsiderfinc@yahoo.co.jp,123 Who knows
Spence,Mattiello,Male,43,9876543210,smattiellod@census.gov,123 Who knows
Zorana,Allsopp,Female,43,9876543210,zallsoppe@purevolume.com,123 Who knows
Barrett,Moro,Male,43,1234567890,bmorof@gmpg.org,123 Who knows
Sammy,Clayill,Male,43,1234567890,sclayillg@cnn.com,123 Who knows
Jeannie,Greenier,Female,18,3164568952,jgreenierh@themeforest.net,123 Who knows
Kenny,Kearsley,Male,43,1234567890,kkearsleyi@chronoengine.com,1234 who Knows
Elonore,Forrest,Female,43,9876543210,eforrestj@ocn.ne.jp,1234 who Knows
Carey,Simonson,Female,43,9876543210,csimonsonk@nifty.com,123 Who knows
Jade,Dalgardno,Female,43,1234567890,jdalgardnol@hp.com,123 Who knows
Hirsch,Sworder,Male,43,1234567890,hsworderm@whitehouse.gov,1234 who Knows
Bale,Oleszcuk,Male,18,3164568952,boleszcukn@wunderground.com,1234 who Knows
Dyana,Water,Female,43,1234567890,dwatero@smh.com.au,123 Who knows
Ford,Ovendale,Male,43,9876543210,fovendalep@webeden.co.uk,123 Who knows
Roderigo,Beatson,Male,43,9876543210,rbeatsonq@forbes.com,123 Who knows
Yolanthe,Imlen,Female,43,1234567890,yimlenr@wired.com,123 Who knows
Ulrika,Wapple,Female,43,1234567890,uwapples@twitpic.com,123 Who knows
Neysa,Ruller,Female,18,3164568952,nrullert@studiopress.com,1234 who Knows
Camey,Raxworthy,Male,43,1234567890,craxworthyu@ihg.com,1234 who Knows
Floyd,Figures,Male,43,9876543210,ffiguresv@opera.com,123 Who knows
Ingram,Bourke,Male,43,9876543210,ibourkew@sina.com.cn,123 Who knows
Aurilia,Scotter,Female,43,1234567890,ascotterx@ameblo.jp,1234 who Knows
Dee,Birdfield,Female,43,1234567890,dbirdfieldy@netlog.com,1234 who Knows
Belinda,Kohnen,Female,18,3164568952,bkohnenz@uol.com.br,123 Who knows
Osmund,Darbishire,Male,43,1234567890,odarbishire10@baidu.com,123 Who knows
Michell,Bartlomiej,Female,43,9876543210,mbartlomiej11@alibaba.com,123 Who knows
Homere,Hearmon,Male,43,9876543210,hhearmon12@google.cn,123 Who knows
Elliott,Cotton,Male,43,1234567890,ecotton13@themeforest.net,123 Who knows
Sherill,Fossord,Female,43,1234567890,sfossord14@cbslocal.com,1234 who Knows
Hasty,Brute,Male,18,3164568952,hbrute15@mozilla.org,1234 who Knows
Tyne,Hambidge,Female,43,1234567890,thambidge16@ow.ly,123 Who knows
Mira,Kaser,Female,43,9876543210,mkaser17@youtube.com,123 Who knows
Therine,Franzoli,Female,43,9876543210,tfranzoli18@51.la,1234 who Knows
Irena,Rosentholer,Female,43,1234567890,irosentholer19@w3.org,1234 who Knows
Cyril,Garbott,Male,43,1234567890,cgarbott1a@europa.eu,123 Who knows
Albie,Rutherford,Male,18,3164568952,arutherford1b@yellowbook.com,123 Who knows
Rik,Nickols,Male,43,1234567890,rnickols1c@sfgate.com,123 Who knows
Felike,Kynastone,Male,43,9876543210,fkynastone1d@canalblog.com,123 Who knows
Brandise,Whittlesee,Female,43,9876543210,bwhittlesee1e@quantcast.com,123 Who knows
Chico,MacTimpany,Male,43,1234567890,cmactimpany1f@go.com,1234 who Knows
Barbabas,MacAnespie,Male,43,1234567890,bmacanespie1g@behance.net,1234 who Knows
Wald,Kitteridge,Male,18,3164568952,wkitteridge1h@mac.com,123 Who knows
Anne-corinne,Carney,Female,43,1234567890,acarney1i@deviantart.com,123 Who knows
Cornie,Kitchiner,Female,43,9876543210,ckitchiner1j@ucoz.com,1234 who Knows
Arin,Heisham,Male,43,9876543210,aheisham1k@nationalgeographic.com,1234 who Knows
Tracie,Tennock,Male,43,1234567890,ttennock1l@umich.edu,123 Who knows
Loydie,Maton,Male,43,1234567890,lmaton1m@whitehouse.gov,123 Who knows
Rana,Noell,Female,18,3164568952,rnoell1n@sina.com.cn,123 Who knows
Annetta,Torr,Female,43,1234567890,atorr1o@ibm.com,123 Who knows
Aldridge,Duffer,Male,43,9876543210,aduffer1p@craigslist.org,123 Who knows
Tracey,Egell,Male,43,9876543210,tegell1q@timesonline.co.uk,123 Who knows
Rozanne,Cleall,Female,43,1234567890,rcleall1r@addthis.com,1234 who Knows
Lindsay,Tucsell,Female,43,1234567890,ltucsell1s@dmoz.org,1234 who Knows
Nelson,Sleet,Male,18,3164568952,nsleet1t@yolasite.com,123 Who knows
Eliza,Bodleigh,Female,43,1234567890,ebodleigh1u@nifty.com,123 Who knows
Caresa,Blaxley,Female,43,9876543210,cblaxley1v@plala.or.jp,1234 who Knows
Sinclair,Ambrosi,Male,43,9876543210,sambrosi1w@mozilla.org,1234 who Knows
Oralla,Tute,Female,43,1234567890,otute1x@goodreads.com,123 Who knows
Roslyn,Cathenod,Female,43,1234567890,rcathenod1y@ehow.com,123 Who knows
Sammie,Bunt,Male,18,3164568952,sbunt1z@scribd.com,123 Who knows
Stillmann,Feldfisher,Male,43,1234567890,sfeldfisher20@apple.com,123 Who knows
Vinita,Aingel,Female,43,9876543210,vaingel21@nyu.edu,123 Who knows
Tanner,Sainer,Male,43,9876543210,tsainer22@csmonitor.com,1234 who Knows
Theodosia,Cadwallader,Female,43,1234567890,tcadwallader23@feedburner.com,1234 who Knows
Obed,Davydzenko,Male,43,1234567890,odavydzenko24@godaddy.com,123 Who knows
Teressa,Gawkroge,Female,18,3164568952,tgawkroge25@imageshack.us,123 Who knows
Darsie,Kuhl,Female,43,1234567890,dkuhl26@omniture.com,1234 who Knows
My,Orth,Male,43,9876543210,morth27@123-reg.co.uk,1234 who Knows
Jeanna,Jerzak,Female,43,9876543210,jjerzak28@hexun.com,123 Who knows
Doretta,Barker,Female,43,1234567890,dbarker29@wordpress.com,123 Who knows
Druci,Hyatt,Female,43,1234567890,dhyatt2a@meetup.com,123 Who knows
Sheelagh,Frugier,Female,18,3164568952,sfrugier2b@tripod.com,123 Who knows
Thaddeus,Hussell,Male,43,1234567890,thussell2c@accuweather.com,123 Who knows
Jaine,MacGaughie,Female,43,9876543210,jmacgaughie2d@usatoday.com,1234 who Knows
Reena,Elphick,Female,43,9876543210,relphick2e@dyndns.org,1234 who Knows
Penny,Haig,Female,43,1234567890,phaig2f@ted.com,123 Who knows
Brendan,Daventry,Male,43,1234567890,bdaventry2g@webs.com,123 Who knows
Gaston,Janjic,Male,18,3164568952,gjanjic2h@g.co,1234 who Knows
Maureene,Reid,Female,43,1234567890,mreid2i@histats.com,1234 who Knows
Sonny,Dunston,Male,43,9876543210,sdunston2j@usgs.gov,123 Who knows
Rhetta,MacNeice,Female,43,9876543210,rmacneice2k@geocities.jp,123 Who knows
Camey,Carver,Male,43,1234567890,ccarver2l@blogtalkradio.com,123 Who knows
Rae,Maggs,Female,43,1234567890,rmaggs2m@ox.ac.uk,123 Who knows
Agata,Grishunin,Female,18,3164568952,agrishunin2n@paginegialle.it,123 Who knows
Kariotta,Whiteman,Female,43,1234567890,kwhiteman2o@canalblog.com,1234 who Knows
Maryjane,Capstick,Female,43,9876543210,mcapstick2p@furl.net,1234 who Knows
Lewie,Kingcott,Male,43,9876543210,lkingcott2q@newsvine.com,123 Who knows
Emery,Tortis,Male,43,1234567890,etortis2r@google.cn,123 Who knows
Alison,Pelham,Female,43,1234567890,apelham2s@yellowbook.com,1234 who Knows
Amie,Quittonden,Female,18,3164568952,aquittonden2t@dot.gov,1234 who Knows
Leonidas,Lindenblatt,Male,43,1234567890,llindenblatt2u@addthis.com,123 Who knows
Jolene,Golthorpp,Female,43,9876543210,jgolthorpp2v@blogs.com,123 Who knows
Irvin,Ambrosoli,Male,43,9876543210,iambrosoli2w@hatena.ne.jp,123 Who knows
Nettie,Coolican,Female,43,1234567890,ncoolican2x@opensource.org,123 Who knows
Benetta,Runge,Female,43,1234567890,brunge2y@wordpress.org,123 Who knows
Roseline,Witchell,Female,18,3164568952,rwitchell2z@illinois.edu,123 Who knows
Loise,Rains,Female,43,1234567890,lrains30@sakura.ne.jp,1234 who Knows
Susanna,Gudeman,Female,43,9876543210,sgudeman31@discovery.com,1234 who Knows
Hilde,Berthouloume,Female,43,9876543210,hberthouloume32@twitter.com,123 Who knows
Ganny,Huke,Male,43,1234567890,ghuke33@chronoengine.com,123 Who knows
Inglebert,Goard,Male,43,1234567890,igoard34@icq.com,1234 who Knows
Nikolaus,Izzett,Male,18,3164568952,nizzett35@mysql.com,1234 who Knows
Adair,Lergan,Male,43,1234567890,alergan36@tripod.com,123 Who knows
Richard,Neylan,Male,43,9876543210,rneylan37@e-recht24.de,123 Who knows
Billye,Stroban,Female,43,9876543210,bstroban38@opera.com,123 Who knows
Dolorita,Fattore,Female,43,1234567890,dfattore39@census.gov,123 Who knows
Bary,Graysmark,Male,43,1234567890,bgraysmark3a@wikia.com,123 Who knows
Ramsey,Meddows,Male,18,3164568952,rmeddows3b@mail.ru,1234 who Knows
Pierce,Schriren,Male,43,1234567890,pschriren3c@netvibes.com,1234 who Knows
Gavan,Woolliams,Male,43,9876543210,gwoolliams3d@uiuc.edu,123 Who knows
Cull,Abrahamsson,Male,43,9876543210,cabrahamsson3e@mediafire.com,123 Who knows
Ola,Simco,Female,43,1234567890,osimco3f@stanford.edu,1234 who Knows
Dollie,Horbart,Female,43,1234567890,dhorbart3g@flickr.com,1234 who Knows
Kip,Terran,Male,18,3164568952,kterran3h@moonfruit.com,123 Who knows
Bernadene,Bathurst,Female,43,1234567890,bbathurst3i@youtu.be,123 Who knows
Karalynn,Chansonne,Female,43,9876543210,kchansonne3j@fda.gov,123 Who knows
Peterus,Scandrett,Male,43,9876543210,pscandrett3k@multiply.com,123 Who knows
Daisy,Raisher,Female,43,1234567890,draisher3l@deviantart.com,123 Who knows
Raynor,Pimlott,Male,43,1234567890,rpimlott3m@artisteer.com,1234 who Knows
Sergio,Friedlos,Male,18,3164568952,sfriedlos3n@printfriendly.com,1234 who Knows
Theodosia,Bellhanger,Female,43,1234567890,tbellhanger3o@google.nl,123 Who knows
Gracie,Milnthorpe,Female,43,9876543210,gmilnthorpe3p@ebay.co.uk,123 Who knows
Raleigh,Armor,Male,43,9876543210,rarmor3q@cam.ac.uk,1234 who Knows
Daveta,Grouen,Female,43,1234567890,dgrouen3r@cocolog-nifty.com,1234 who Knows
Susy,Flawith,Female,43,1234567890,sflawith3s@freewebs.com,123 Who knows
Donnie,Syalvester,Male,18,3164568952,dsyalvester3t@cbslocal.com,123 Who knows
Andrea,Pietzker,Male,43,1234567890,apietzker3u@newyorker.com,123 Who knows
Andrey,Clynter,Male,43,9876543210,aclynter3v@icio.us,123 Who knows
Catharina,Cawdery,Female,43,9876543210,ccawdery3w@fema.gov,123 Who knows
Debera,Vanelli,Female,43,1234567890,dvanelli3x@mysql.com,1234 who Knows
Wheeler,Anstead,Male,43,1234567890,wanstead3y@globo.com,1234 who Knows
Tris,Kapiloff,Male,18,3164568952,tkapiloff3z@e-recht24.de,123 Who knows
Latrena,Genese,Female,43,1234567890,lgenese40@foxnews.com,123 Who knows
Stacee,Turbefield,Female,43,9876543210,sturbefield41@cloudflare.com,1234 who Knows
Vania,Milburn,Female,43,9876543210,vmilburn42@pinterest.com,1234 who Knows
Arte,Greenacre,Male,43,1234567890,agreenacre43@google.de,123 Who knows
Mellicent,Kerner,Female,43,1234567890,mkerner44@prnewswire.com,123 Who knows
Kristy,Julien,Female,18,3164568952,kjulien45@theglobeandmail.com,123 Who knows
Isa,Egalton,Male,43,1234567890,iegalton46@ucla.edu,123 Who knows
Brice,Meriott,Male,43,9876543210,bmeriott47@ovh.net,123 Who knows
Thorvald,Brokenshaw,Male,43,9876543210,tbrokenshaw48@mashable.com,123 Who knows
Maison,Palmer,Male,43,1234567890,mpalmer49@chicagotribune.com,1234 who Knows
Annelise,Willsmore,Female,43,1234567890,awillsmore4a@washingtonpost.com,1234 who Knows
Eloisa,Martinolli,Female,18,3164568952,emartinolli4b@miibeian.gov.cn,123 Who knows
Jedidiah,Petchey,Male,43,1234567890,jpetchey4c@devhub.com,123 Who knows
Nikolos,March,Male,43,9876543210,nmarch4d@prlog.org,1234 who Knows
Sloane,Plom,Male,43,9876543210,splom4e@bloglines.com,1234 who Knows
Emelina,Egalton,Female,43,1234567890,eegalton4f@fda.gov,123 Who knows
Kaile,Seabrooke,Female,43,1234567890,kseabrooke4g@gravatar.com,123 Who knows
Walther,Dencs,Male,18,3164568952,wdencs4h@flavors.me,123 Who knows
Jaclyn,Stoyles,Female,43,1234567890,jstoyles4i@uol.com.br,123 Who knows
Mag,Gownge,Female,43,9876543210,mgownge4j@ihg.com,123 Who knows
Karola,Cazereau,Female,43,9876543210,kcazereau4k@goo.ne.jp,1234 who Knows
Conchita,Saunders,Female,43,1234567890,csaunders4l@miibeian.gov.cn,1234 who Knows
Menard,Bodicam,Male,43,1234567890,mbodicam4m@nature.com,123 Who knows
Gerhard,Edwins,Male,18,3164568952,gedwins4n@wikipedia.org,123 Who knows
Joshia,Pentland,Male,43,1234567890,jpentland4o@hhs.gov,1234 who Knows
Alvinia,Kennet,Female,43,9876543210,akennet4p@google.it,1234 who Knows
Wheeler,Mathes,Male,43,9876543210,wmathes4q@fotki.com,123 Who knows
Weston,Oldmeadow,Male,43,1234567890,woldmeadow4r@taobao.com,123 Who knows
Kristine,Steagall,Female,43,1234567890,ksteagall4s@aol.com,123 Who knows
Cobby,Askam,Male,18,3164568952,caskam4t@ihg.com,123 Who knows
Arther,O'Doherty,Male,43,1234567890,aodoherty4u@ask.com,123 Who knows
Doug,Kendal,Male,43,9876543210,dkendal4v@mapy.cz,1234 who Knows
Bailie,Orfeur,Male,43,9876543210,borfeur4w@hao123.com,1234 who Knows
Dwight,Dog,Male,43,1234567890,ddog4x@nbcnews.com,123 Who knows
Torin,Cowdery,Male,43,1234567890,tcowdery4y@lycos.com,123 Who knows
Cymbre,Cicco,Female,18,3164568952,ccicco4z@webnode.com,1234 who Knows
Traver,Swannick,Male,43,1234567890,tswannick50@redcross.org,1234 who Knows
Templeton,Glennon,Male,43,9876543210,tglennon51@harvard.edu,123 Who knows
Liz,Liell,Female,43,9876543210,lliell52@cnn.com,123 Who knows
Glyn,Moriarty,Male,43,1234567890,gmoriarty53@sciencedaily.com,123 Who knows
Nettie,Andreuzzi,Female,43,1234567890,nandreuzzi54@cloudflare.com,123 Who knows
Fidelity,Rupel,Female,18,3164568952,frupel55@craigslist.org,123 Who knows
Kingston,Powley,Male,43,1234567890,kpowley56@java.com,1234 who Knows
Laughton,Lambal,Male,43,9876543210,llambal57@china.com.cn,1234 who Knows
Keith,Mawson,Male,43,9876543210,kmawson58@cdc.gov,123 Who knows
Denys,Pecht,Male,43,1234567890,dpecht59@cocolog-nifty.com,123 Who knows
Baird,Kaaskooper,Male,43,1234567890,bkaaskooper5a@sfgate.com,1234 who Knows
Cheri,Loudiane,Female,18,3164568952,cloudiane5b@trellian.com,1234 who Knows
Othello,Hannan,Male,43,1234567890,ohannan5c@google.pl,123 Who knows
Frankie,Pinwill,Male,43,9876543210,fpinwill5d@dailymotion.com,123 Who knows
Giorgi,Stirrup,Male,43,9876543210,gstirrup5e@seattletimes.com,123 Who knows
Cazzie,Chadwen,Male,43,1234567890,cchadwen5f@noaa.gov,123 Who knows
Rosanna,Radford,Female,43,1234567890,rradford5g@ustream.tv,123 Who knows
Demetrius,Draaisma,Male,18,3164568952,ddraaisma5h@seattletimes.com,123 Who knows
Humfrey,Twinn,Male,43,1234567890,htwinn5i@cdbaby.com,1234 who Knows
Damaris,Dumingos,Female,43,9876543210,ddumingos5j@mozilla.com,1234 who Knows
Effie,Rashleigh,Female,43,9876543210,erashleigh5k@forbes.com,123 Who knows
Bevin,Hepher,Male,43,1234567890,bhepher5l@blogtalkradio.com,123 Who knows
Caesar,Sothern,Male,43,1234567890,csothern5m@mozilla.com,1234 who Knows
Monti,Epgrave,Male,18,3164568952,mepgrave5n@twitter.com,1234 who Knows
Judi,Feighry,Female,43,1234567890,jfeighry5o@nydailynews.com,123 Who knows
Emlyn,Woodwing,Female,43,9876543210,ewoodwing5p@prweb.com,123 Who knows
Vin,De Michele,Female,43,9876543210,vdemichele5q@npr.org,123 Who knows
Ilyssa,Woofenden,Female,43,1234567890,iwoofenden5r@blogspot.com,123 Who knows
Dita,Igonet,Female,43,1234567890,digonet5s@guardian.co.uk,123 Who knows
Leopold,Leades,Male,18,3164568952,lleades5t@prweb.com,1234 who Knows
Fernandina,Fotherby,Female,43,1234567890,ffotherby5u@aboutads.info,1234 who Knows
Leupold,Desporte,Male,43,9876543210,ldesporte5v@sogou.com,123 Who knows
Guy,McClintock,Male,43,9876543210,gmcclintock5w@europa.eu,123 Who knows
Amargo,Furby,Female,43,1234567890,afurby5x@elpais.com,1234 who Knows
Marian,Lowde,Female,43,1234567890,mlowde5y@merriam-webster.com,1234 who Knows
Beltran,Nazair,Male,18,3164568952,bnazair5z@elegantthemes.com,123 Who knows
Marjorie,Murrock,Female,43,1234567890,mmurrock60@ocn.ne.jp,123 Who knows
Glynn,Corkett,Male,43,9876543210,gcorkett61@businesswire.com,123 Who knows
Rivalee,Wittier,Female,43,9876543210,rwittier62@aol.com,123 Who knows
Cly,Kingwell,Male,43,1234567890,ckingwell63@gizmodo.com,123 Who knows
Rurik,Fitzharris,Male,43,1234567890,rfitzharris64@vinaora.com,1234 who Knows
Benito,Carlyle,Male,18,3164568952,bcarlyle65@multiply.com,1234 who Knows
Gerhardt,Sinderland,Male,43,1234567890,gsinderland66@vkontakte.ru,123 Who knows
Ulrika,Felgat,Female,43,9876543210,ufelgat67@fema.gov,123 Who knows
Adolphe,Patis,Male,43,9876543210,apatis68@ehow.com,1234 who Knows
Marcy,Preston,Female,43,1234567890,mpreston69@mayoclinic.com,1234 who Knows
Carri,Seater,Female,43,1234567890,cseater6a@vistaprint.com,123 Who knows
Sherwynd,Headon,Male,18,3164568952,sheadon6b@accuweather.com,123 Who knows
Bernhard,Shurmore,Male,43,1234567890,bshurmore6c@yellowpages.com,123 Who knows
Leonore,Sanbrook,Female,43,9876543210,lsanbrook6d@istockphoto.com,123 Who knows
Magdalen,Checchi,Female,43,9876543210,mchecchi6e@amazon.com,123 Who knows
Bobbi,Cheine,Female,43,1234567890,bcheine6f@hostgator.com,1234 who Knows
Amos,Andreas,Male,43,1234567890,aandreas6g@ocn.ne.jp,1234 who Knows
Lisa,Loadwick,Female,18,3164568952,lloadwick6h@nsw.gov.au,123 Who knows
Tann,Bener,Male,43,1234567890,tbener6i@soup.io,123 Who knows
Hesther,Alcido,Female,43,9876543210,halcido6j@jimdo.com,1234 who Knows
Davy,Carnachen,Male,43,9876543210,dcarnachen6k@angelfire.com,1234 who Knows
Teddie,Jenik,Male,43,1234567890,tjenik6l@time.com,123 Who knows
Lyndel,Tunna,Female,43,1234567890,ltunna6m@e-recht24.de,123 Who knows
Waldo,Glasebrook,Male,18,3164568952,wglasebrook6n@vinaora.com,123 Who knows
Caril,Bootman,Female,43,1234567890,cbootman6o@lulu.com,123 Who knows
Muffin,Leggat,Female,43,9876543210,mleggat6p@multiply.com,123 Who knows
Charyl,Benedetti,Female,43,9876543210,cbenedetti6q@tinypic.com,123 Who knows
Ruben,Twigger,Male,43,1234567890,rtwigger6r@sakura.ne.jp,1234 who Knows
Elisabeth,Zute,Female,43,1234567890,ezute6s@ibm.com,1234 who Knows
Pasquale,Lloyd-Williams,Male,18,3164568952,plloydwilliams6t@flickr.com,123 Who knows
Loralee,Goldbourn,Female,43,1234567890,lgoldbourn6u@cdbaby.com,123 Who knows
Brantley,Kopfen,Male,43,9876543210,bkopfen6v@mozilla.com,1234 who Knows
Irving,Loudyan,Male,43,9876543210,iloudyan6w@umn.edu,1234 who Knows
Peter,Bridgement,Male,43,1234567890,pbridgement6x@cnn.com,123 Who knows
Karlik,Barkshire,Male,43,1234567890,kbarkshire6y@icio.us,123 Who knows
Leeanne,Sangra,Female,18,3164568952,lsangra6z@amazon.co.uk,123 Who knows
Tracey,Mackneis,Male,43,1234567890,tmackneis70@reddit.com,123 Who knows
Thatch,Geffen,Male,43,9876543210,tgeffen71@vk.com,123 Who knows
Kippy,Benardette,Female,43,9876543210,kbenardette72@dyndns.org,1234 who Knows
Thomasin,Scutcheon,Female,43,1234567890,tscutcheon73@de.vu,1234 who Knows
Jada,Strowan,Female,43,1234567890,jstrowan74@symantec.com,123 Who knows
Cynthy,Kinastan,Female,18,3164568952,ckinastan75@omniture.com,123 Who knows
Torrance,La Padula,Male,43,1234567890,tlapadula76@amazon.de,1234 who Knows
Ebenezer,Cridland,Male,43,9876543210,ecridland77@fc2.com,1234 who Knows
Hadria,Gorman,Female,43,9876543210,hgorman78@cbsnews.com,123 Who knows
Marisa,Goss,Female,43,1234567890,mgoss79@army.mil,123 Who knows
Melany,Di Francesco,Female,43,1234567890,mdifrancesco7a@bandcamp.com,123 Who knows
Christabel,Renouf,Female,18,3164568952,crenouf7b@icio.us,1234 who Knows
Ron,Cord,Male,43,1234567890,rcord7c@google.nl,1234 who Knows
Riccardo,Lyal,Male,43,9876543210,rlyal7d@census.gov,123 Who knows
Cesar,Call,Male,43,9876543210,ccall7e@gov.uk,123 Who knows
Woody,Hollerin,Male,43,1234567890,whollerin7f@a8.net,1234 who Knows
Anestassia,Shrigley,Female,43,1234567890,ashrigley7g@vk.com,1234 who Knows
Britt,Gaukrodge,Female,18,3164568952,bgaukrodge7h@japanpost.jp,123 Who knows
Angy,Hollingby,Female,43,1234567890,ahollingby7i@rakuten.co.jp,123 Who knows
Horatio,Kirsz,Male,43,9876543210,hkirsz7j@shinystat.com,123 Who knows
Delmer,Ong,Male,43,9876543210,dong7k@360.cn,123 Who knows
Minerva,Cromly,Female,43,1234567890,mcromly7l@eepurl.com,123 Who knows
Jada,Cheke,Female,43,1234567890,jcheke7m@vistaprint.com,1234 who Knows
Melonie,Potes,Female,18,3164568952,mpotes7n@cornell.edu,1234 who Knows
Lorette,Haskett,Female,43,1234567890,lhaskett7o@discovery.com,123 Who knows
Aurore,Mattiello,Female,43,9876543210,amattiello7p@newsvine.com,123 Who knows
Jedd,O'Kinedy,Male,43,9876543210,jokinedy7q@earthlink.net,1234 who Knows
Dannye,Kinnoch,Female,43,1234567890,dkinnoch7r@purevolume.com,1234 who Knows
Stearne,McMennum,Male,43,1234567890,smcmennum7s@europa.eu,123 Who knows
Lucia,Quilligan,Female,18,3164568952,lquilligan7t@virginia.edu,123 Who knows
Mirilla,Hawney,Female,43,1234567890,mhawney7u@google.pl,123 Who knows
Adoree,Cuseick,Female,43,9876543210,acuseick7v@ocn.ne.jp,123 Who knows
Aleece,Larwell,Female,43,9876543210,alarwell7w@wisc.edu,123 Who knows
Janette,Willard,Female,43,1234567890,jwillard7x@nature.com,123 Who knows
Antin,Pierson,Male,43,1234567890,apierson7y@ebay.com,1234 who Knows
Inger,Cervantes,Male,18,3164568952,icervantes7z@nature.com,1234 who Knows
Hervey,Stinton,Male,43,1234567890,hstinton80@sun.com,123 Who knows
Rosie,Fibbitts,Female,43,9876543210,rfibbitts81@flavors.me,123 Who knows
Jecho,Bakey,Male,43,9876543210,jbakey82@sohu.com,1234 who Knows
Elladine,Latter,Female,43,1234567890,elatter83@wisc.edu,1234 who Knows
Kathi,Verey,Female,43,1234567890,kverey84@businessinsider.com,123 Who knows
Tildi,Rollinson,Female,18,3164568952,trollinson85@vistaprint.com,123 Who knows
Gerek,Blanchard,Male,43,1234567890,gblanchard86@cbslocal.com,123 Who knows
Randi,Bradborne,Male,43,9876543210,rbradborne87@google.cn,123 Who knows
Liane,Janton,Female,43,9876543210,ljanton88@aboutads.info,123 Who knows
Durant,Lisamore,Male,43,1234567890,dlisamore89@issuu.com,1234 who Knows
Currey,Fortin,Male,43,1234567890,cfortin8a@adobe.com,1234 who Knows
Fernandina,Benedicte,Female,18,3164568952,fbenedicte8b@acquirethisname.com,123 Who knows
Kimberly,Brimm,Female,43,1234567890,kbrimm8c@angelfire.com,123 Who knows
Avis,Tuckie,Female,43,9876543210,atuckie8d@pen.io,1234 who Knows
Dore,Chansonne,Male,43,9876543210,dchansonne8e@discovery.com,1234 who Knows
Roi,Twiname,Male,43,1234567890,rtwiname8f@sbwire.com,123 Who knows
Kayle,Elven,Female,43,1234567890,kelven8g@umich.edu,123 Who knows
Bari,Beardsell,Female,18,3164568952,bbeardsell8h@ucoz.com,123 Who knows
Penn,Kiddell,Male,43,1234567890,pkiddell8i@hubpages.com,123 Who knows
Dominica,Fevers,Female,43,9876543210,dfevers8j@sbwire.com,123 Who knows
Joycelin,Perazzo,Female,43,9876543210,jperazzo8k@imgur.com,1234 who Knows
Ted,Hannigan,Male,43,1234567890,thannigan8l@paypal.com,1234 who Knows
Pierre,Lammertz,Male,43,1234567890,plammertz8m@odnoklassniki.ru,123 Who knows
Llewellyn,Heersma,Male,18,3164568952,lheersma8n@desdev.cn,123 Who knows
Barbee,Train,Female,43,1234567890,btrain8o@dailymail.co.uk,1234 who Knows
Garrek,Glanville,Male,43,9876543210,gglanville8p@hugedomains.com,1234 who Knows
Roseanne,Cassley,Female,43,9876543210,rcassley8q@utexas.edu,123 Who knows
Jocelyne,Letixier,Female,43,1234567890,jletixier8r@uol.com.br,123 Who knows
Jaimie,Dannell,Male,43,1234567890,jdannell8s@admin.ch,123 Who knows
Trent,McElhinney,Male,18,3164568952,tmcelhinney8t@1688.com,123 Who knows
Curr,Maly,Male,43,1234567890,cmaly8u@scribd.com,123 Who knows
Astrix,Follos,Female,43,9876543210,afollos8v@e-recht24.de,1234 who Knows
Audrie,Hand,Female,43,9876543210,ahand8w@wordpress.com,1234 who Knows
Chrissy,Pace,Male,43,1234567890,cpace8x@tripod.com,123 Who knows
Ulric,Meldrum,Male,43,1234567890,umeldrum8y@goo.ne.jp,123 Who knows
Tracie,Verralls,Female,18,3164568952,tverralls8z@wunderground.com,1234 who Knows
Lazarus,Minshall,Male,43,1234567890,lminshall90@github.io,1234 who Knows
Sancho,Kenforth,Male,43,9876543210,skenforth91@rakuten.co.jp,123 Who knows
Yul,Reany,Male,43,9876543210,yreany92@gizmodo.com,123 Who knows
Hart,Slayton,Male,43,1234567890,hslayton93@ocn.ne.jp,123 Who knows
Dav,Heber,Male,43,1234567890,dheber94@opera.com,123 Who knows
Den,Chad,Male,18,3164568952,dchad95@dot.gov,123 Who knows
Gram,Royal,Male,43,1234567890,groyal96@deliciousdays.com,123 Who knows
Rosco,Ledram,Male,43,9876543210,rledram97@alexa.com,1234 who Knows
Florry,Sexti,Female,43,9876543210,fsexti98@shinystat.com,1234 who Knows
Boyce,Banting,Male,43,1234567890,bbanting99@squidoo.com,123 Who knows
Ham,Baudic,Male,43,1234567890,hbaudic9a@sakura.ne.jp,123 Who knows
Ellissa,Upcraft,Female,18,3164568952,eupcraft9b@shop-pro.jp,1234 who Knows
Reube,McKague,Male,43,1234567890,rmckague9c@gnu.org,1234 who Knows
Sebastian,Eckery,Male,43,9876543210,seckery9d@about.me,123 Who knows
Sheeree,McKag,Female,43,9876543210,smckag9e@google.co.jp,123 Who knows
Roddy,Orpin,Male,43,1234567890,rorpin9f@ca.gov,123 Who knows
Victor,Lowten,Male,43,1234567890,vlowten9g@yahoo.co.jp,123 Who knows
Wilfred,Demicoli,Male,18,3164568952,wdemicoli9h@wordpress.com,123 Who knows
Sigmund,Divall,Male,43,1234567890,sdivall9i@vk.com,1234 who Knows
Christiano,Pumfrett,Male,43,9876543210,cpumfrett9j@github.com,1234 who Knows
Bevin,Tregido,Male,43,9876543210,btregido9k@tmall.com,123 Who knows
Charisse,O'Lehane,Female,43,1234567890,colehane9l@csmonitor.com,123 Who knows
Calhoun,Pauletto,Male,43,1234567890,cpauletto9m@dedecms.com,1234 who Knows
Gary,Dennehy,Male,18,3164568952,gdennehy9n@fc2.com,1234 who Knows
Belva,Strangeway,Female,43,1234567890,bstrangeway9o@rakuten.co.jp,123 Who knows
Edan,Mulles,Male,43,9876543210,emulles9p@comsenz.com,123 Who knows
Jeni,Hearty,Female,43,9876543210,jhearty9q@cbc.ca,123 Who knows
Colin,Ailmer,Male,43,1234567890,cailmer9r@gov.uk,123 Who knows
Kimbell,Covill,Male,43,1234567890,kcovill9s@dedecms.com,123 Who knows
Teodora,Ximenez,Female,18,3164568952,tximenez9t@live.com,1234 who Knows
Lezlie,Matteini,Female,43,1234567890,lmatteini9u@naver.com,1234 who Knows
Gayelord,Desvignes,Male,43,9876543210,gdesvignes9v@adobe.com,123 Who knows
Eamon,Harmston,Male,43,9876543210,eharmston9w@census.gov,123 Who knows
Rhys,Gillespey,Male,43,1234567890,rgillespey9x@creativecommons.org,1234 who Knows
Delano,Rentz,Male,43,1234567890,drentz9y@wikispaces.com,1234 who Knows
Shaine,Wooffitt,Female,18,3164568952,swooffitt9z@icio.us,123 Who knows
Claire,O'Hollegan,Female,43,1234567890,cohollegana0@blogspot.com,123 Who knows
Torey,Tander,Female,43,9876543210,ttandera1@google.com,123 Who knows
Durward,Hunston,Male,43,9876543210,dhunstona2@slate.com,123 Who knows
Dorry,Medling,Female,43,1234567890,dmedlinga3@house.gov,123 Who knows
Florinda,Rangall,Female,43,1234567890,frangalla4@hexun.com,1234 who Knows
Ellene,Sissot,Female,18,3164568952,esissota5@stanford.edu,1234 who Knows
Krystyna,Bubbins,Female,43,1234567890,kbubbinsa6@list-manage.com,123 Who knows
Leia,Clegg,Female,43,9876543210,lclegga7@biblegateway.com,123 Who knows
Celina,Vella,Female,43,9876543210,cvellaa8@mayoclinic.com,1234 who Knows
Whitby,McConnel,Male,43,1234567890,wmcconnela9@multiply.com,1234 who Knows
Alejandrina,Knuckles,Female,43,1234567890,aknucklesaa@joomla.org,123 Who knows
Iago,Gaitskill,Male,18,3164568952,igaitskillab@spiegel.de,123 Who knows
Jefferey,Raffon,Male,43,1234567890,jraffonac@prlog.org,123 Who knows
Cortie,Mansfield,Male,43,9876543210,cmansfieldad@cbc.ca,123 Who knows
Fenelia,Samuel,Female,43,9876543210,fsamuelae@ucoz.ru,123 Who knows
Tabbatha,Swatland,Female,43,1234567890,tswatlandaf@fc2.com,123 Who knows
Lionel,Battie,Male,43,1234567890,lbattieag@icq.com,1234 who Knows
Sherline,Titman,Female,18,3164568952,stitmanah@un.org,1234 who Knows
Rana,Takle,Female,43,1234567890,rtakleai@freewebs.com,123 Who knows
Jorry,Abbs,Female,43,9876543210,jabbsaj@t.co,123 Who knows
Osbourn,Pover,Male,43,9876543210,opoverak@furl.net,1234 who Knows
Lefty,Gales,Male,43,1234567890,lgalesal@cbc.ca,1234 who Knows
Kerianne,Rutland,Female,43,1234567890,krutlandam@php.net,123 Who knows
Kippie,Jemison,Female,18,3164568952,kjemisonan@cpanel.net,123 Who knows
Keeley,Locock,Female,43,1234567890,klocockao@nydailynews.com,123 Who knows
Lidia,Roden,Female,43,9876543210,lrodenap@sfgate.com,123 Who knows
Theodor,Bremley,Male,43,9876543210,tbremleyaq@admin.ch,123 Who knows
Hebert,Caine,Male,43,1234567890,hcainear@mtv.com,1234 who Knows
Sarge,Decroix,Male,43,1234567890,sdecroixas@harvard.edu,1234 who Knows
Hanson,Maundrell,Male,18,3164568952,hmaundrellat@nba.com,123 Who knows
Vinson,Cockaday,Male,43,1234567890,vcockadayau@typepad.com,123 Who knows
Royce,Schneidau,Male,43,9876543210,rschneidauav@tripadvisor.com,1234 who Knows
Finlay,Barrell,Male,43,9876543210,fbarrellaw@myspace.com,1234 who Knows
Bebe,Ormonde,Female,43,1234567890,bormondeax@chronoengine.com,123 Who knows
Jeffrey,Woodrow,Male,43,1234567890,jwoodroway@cafepress.com,123 Who knows
Bond,Sheekey,Male,18,3164568952,bsheekeyaz@sogou.com,123 Who knows
Francklyn,Sollars,Male,43,1234567890,fsollarsb0@bravesites.com,123 Who knows
Kevin,Matthiae,Male,43,9876543210,kmatthiaeb1@list-manage.com,123 Who knows
Sunshine,Samms,Female,43,9876543210,ssammsb2@123-reg.co.uk,123 Who knows
Moselle,Poltone,Female,43,1234567890,mpoltoneb3@1688.com,123 Who knowsRobert, Falls, male, 51, 151515151, testEmail, testAdd
test, name, dksdh, 515, 156262, hdskhk, kdshkjh
fgfg, dshg, dsmas, 21, 2652525, kdhg, kshak
dhjdh, hshd, male, 155, 262626, dhkh, kdhk
tjgdj, djjd, male, 15, 51515, sajygj, kash
dhhd, shsh, shsh, 662, 362626, skuh, skuh
sdgd, shgshh, dsjj, 25, 522662, udsh, iwji
hjs, hdhd, shsh, 26, 15555, dkuhdk, djhkj
hdhd, jdy, maoe, 262, 125151, gydgjh, dkjjsh
jdsh, djhj, dshlj, 25, 26229229, uhduh, uhuei
fshuh, uhu, dsuh, 6165, 26, hkdsuh, sdhkj
kushd, dkhdk, sdhku, 25, 2019, sdhuh, sduhds
